user_id,date,steps,heart_rate,sleep
2026352035,2016-04-02,1229,65.77904328018224,8.8
2347167796,2016-03-29,10272,71.26422038813294,7.03
2347167796,2016-03-30,10533,72.8351946221403,7.87
2347167796,2016-03-31,6760,70.71195714122877,8.62
2347167796,2016-04-01,8328,69.23438047413289,6.23
2347167796,2016-04-02,15459,81.77557003257328,6.95
2347167796,2016-04-03,7485,75.25428871513596,9.65
2347167796,2016-04-04,10254,75.46544715447155,7.87
2347167796,2016-04-05,10114,75.66260120938813,6.58
2347167796,2016-04-06,11107,74.52076640660853,6.2
2347167796,2016-04-07,10320,86.9734328358209,1.17
2347167796,2016-04-08,10209,75.92332093633779,6.33
2347167796,2016-04-09,16081,86.63271344040575,0.3
2347167796,2016-04-10,10078,80.26861063464837,10.02
2347167796,2016-04-11,10001,72.79177468772095,5.88
4020332650,2016-04-01,5351,78.86679333528208,7.15
4020332650,2016-04-02,4299,72.5046186895811,8.32
4020332650,2016-04-03,6107,79.61545776778767,6.45
4020332650,2016-04-04,6429,79.418065626966,7.72
4020332650,2016-04-06,7476,82.46707740824014,4.08
4020332650,2016-04-10,5129,89.34215773911848,1.23
4020332650,2016-04-11,2993,73.8796904315197,7.1
4558609924,2016-04-02,3183,75.78989503647038,1.43
4558609924,2016-04-03,6176,76.90659500290529,4.57
5553957443,2016-04-01,12409,77.5375141126963,5.62
5553957443,2016-04-02,2937,64.29336609336609,13.18
5553957443,2016-04-03,1515,62.16129785247432,12.37
5553957443,2016-04-04,8921,71.36065217391304,6.88
5553957443,2016-04-05,11306,71.23927083333334,5.67
5553957443,2016-04-06,12252,66.29759194920331,6.42
5553957443,2016-04-07,15444,72.8002828854314,5.63
5553957443,2016-04-08,9938,70.00785283993115,6.32
5553957443,2016-04-09,4599,68.3605817452357,10.32
5553957443,2016-04-10,5594,63.71069587628866,10.48
5553957443,2016-04-11,11906,71.00272835112693,7.13
5553957443,2016-04-12,3436,63.05161023947151,5.77
5577150313,2016-04-01,10461,64.85091640590076,7.25
5577150313,2016-04-02,14873,68.62467517794599,5.92
5577150313,2016-04-03,9917,63.05712545676005,6.48
5577150313,2016-04-04,7401,65.1407694942345,7.25
5577150313,2016-04-05,8964,65.38195777351248,6.5
5577150313,2016-04-06,11080,70.70434952978056,6.55
5577150313,2016-04-07,4499,60.57819849482596,7.57
5577150313,2016-04-08,4363,56.75114387391967,7.52
5577150313,2016-04-09,10494,66.61235512546416,8.32
5577150313,2016-04-10,9776,62.602768166089966,6.87
5577150313,2016-04-11,2862,64.7615807380267,5.2
6117666160,2016-04-01,7444,78.7114721264048,9.3
6117666160,2016-04-02,19658,77.41143535799118,7.57
6117666160,2016-04-05,9910,85.91385542168675,1.02
6117666160,2016-04-06,12409,84.81655387818844,8.72
6117666160,2016-04-07,4853,78.6332321970373,8.32
6117666160,2016-04-09,10789,87.20819217739452,7.25
6775888955,2016-04-01,7225,103.7554245914814,0.17
6775888955,2016-04-02,1988,87.10401647785788,7.15
6775888955,2016-04-06,11761,97.38444084278768,7.35
6775888955,2016-04-07,13987,94.90609264853978,4.58
6962181067,2016-03-30,15491,74.98343143666885,6.97
6962181067,2016-03-31,14097,80.81915912719532,8.48
6962181067,2016-04-01,10467,75.6297581607201,8.78
6962181067,2016-04-02,12437,79.89123207978392,6.65
6962181067,2016-04-03,12307,75.52896694718868,8.95
6962181067,2016-04-04,18952,78.90618181818182,6.05
6962181067,2016-04-05,12010,81.97455573505654,5.97
6962181067,2016-04-06,12480,79.87116983711128,7.9
6962181067,2016-04-07,13417,84.83425935632665,7.05
6962181067,2016-04-08,14400,79.14661735914727,6.7
6962181067,2016-04-09,12495,87.77695880452343,7.23
6962181067,2016-04-10,10148,83.40446515660561,6.9
6962181067,2016-04-11,12362,81.04557845382183,6.55
6962181067,2016-04-12,5893,88.03925157616433,6.1
7007744171,2016-04-02,10976,85.87260181756984,0.93
7007744171,2016-04-03,16806,92.20547709266276,1.17
7007744171,2016-04-05,12084,86.2032189600283,1.1
7007744171,2016-04-07,14100,87.80764867930644,1.05
8792009665,2016-04-01,4592,74.57181409295352,8.0
8792009665,2016-04-03,7238,78.61813333333333,7.98
8792009665,2016-04-04,3821,72.20423583285633,9.43
8792009665,2016-04-05,2332,70.7195910212716,6.4
8792009665,2016-04-06,2121,77.18566852532922,7.12
8792009665,2016-04-07,1291,77.59046283309958,7.43
8792009665,2016-04-08,1467,77.3088700282909,7.07
8792009665,2016-04-09,1022,73.24736569355674,10.02
