user_id,issue,severity,recommendation
2026352035,Unusual health pattern,Low,Monitor trends closely; consider lifestyle adjustments.
2347167796,Excessive sleep duration,Low,Excess sleep may indicate fatigue or health issues.
2347167796,Low sleep duration,Low,Aim for at least 7–8 hours of consistent sleep.
4020332650,Unusual health pattern,Low,Monitor trends closely; consider lifestyle adjustments.
4020332650,Low sleep duration,Low,Aim for at least 7–8 hours of consistent sleep.
4558609924,Unusual health pattern,Low,Monitor trends closely; consider lifestyle adjustments.
4558609924,Low sleep duration,Low,Aim for at least 7–8 hours of consistent sleep.
5553957443,Excessive sleep duration,Low,Excess sleep may indicate fatigue or health issues.
6117666160,Low sleep duration,Low,Aim for at least 7–8 hours of consistent sleep.
6775888955,Unusual health pattern,Low,Monitor trends closely; consider lifestyle adjustments.
6775888955,Low sleep duration,Low,Aim for at least 7–8 hours of consistent sleep.
6962181067,Unusual health pattern,Low,Monitor trends closely; consider lifestyle adjustments.
7007744171,Low sleep duration,Low,Aim for at least 7–8 hours of consistent sleep.
8792009665,Excessive sleep duration,Low,Excess sleep may indicate fatigue or health issues.
