user_id,date,metric
2026352035,2016-04-02,low_activity
2347167796,2016-04-07,sleep_low
2347167796,2016-04-09,sleep_low
2347167796,2016-04-10,sleep_high
4020332650,2016-04-10,sleep_low
4558609924,2016-04-02,sleep_low
5553957443,2016-04-02,sleep_high
5553957443,2016-04-03,low_activity
5553957443,2016-04-03,sleep_high
5553957443,2016-04-09,sleep_high
5553957443,2016-04-10,sleep_high
6117666160,2016-04-05,sleep_low
6775888955,2016-04-01,sleep_low
6775888955,2016-04-02,low_activity
7007744171,2016-04-02,sleep_low
7007744171,2016-04-03,sleep_low
7007744171,2016-04-05,sleep_low
7007744171,2016-04-07,sleep_low
8792009665,2016-04-07,low_activity
8792009665,2016-04-08,low_activity
8792009665,2016-04-09,low_activity
8792009665,2016-04-09,sleep_high
2026352035,2016-04-02,dbscan_outlier
4020332650,2016-04-10,dbscan_outlier
4558609924,2016-04-02,dbscan_outlier
6775888955,2016-04-01,dbscan_outlier
6775888955,2016-04-02,dbscan_outlier
6775888955,2016-04-06,dbscan_outlier
6775888955,2016-04-07,dbscan_outlier
6962181067,2016-04-12,dbscan_outlier
