user_id,metric,count,severity
2026352035,dbscan_outlier,1,Low
2026352035,low_activity,1,Low
2347167796,sleep_high,1,Low
2347167796,sleep_low,2,Low
4020332650,dbscan_outlier,1,Low
4020332650,sleep_low,1,Low
4558609924,dbscan_outlier,1,Low
4558609924,sleep_low,1,Low
5553957443,low_activity,1,Low
5553957443,sleep_high,4,Low
6117666160,sleep_low,1,Low
6775888955,dbscan_outlier,4,Low
6775888955,low_activity,1,Low
6775888955,sleep_low,1,Low
6962181067,dbscan_outlier,1,Low
7007744171,sleep_low,4,Low
8792009665,low_activity,3,Low
8792009665,sleep_high,1,Low
