user_id,date,steps,heart_rate,sleep,steps_mean_7,steps_std_7,heart_rate_mean_7,heart_rate_std_7,sleep_mean_7,sleep_std_7
2026352035,2016-04-02,1229,65.77904328018224,8.8,,,,,,
2347167796,2016-03-29,10272,71.26422038813294,7.03,,,,,,
2347167796,2016-03-30,10533,72.8351946221403,7.87,,,,,,
2347167796,2016-03-31,6760,70.71195714122877,8.62,,,,,,
2347167796,2016-04-01,8328,69.23438047413289,6.23,,,,,,
2347167796,2016-04-02,15459,81.77557003257328,6.95,,,,,,
2347167796,2016-04-03,7485,75.25428871513596,9.65,,,,,,
2347167796,2016-04-04,10254,75.46544715447155,7.87,9870.142857142857,2878.7624325145594,73.79157978968796,4.2079252398676825,7.7457142857142856,1.1448705478911454
2347167796,2016-04-05,10114,75.66260120938813,6.58,9847.57142857143,2875.704253288393,74.41991990701013,4.094494381340758,7.6814285714285715,1.2029190686468836
2347167796,2016-04-06,11107,74.52076640660853,6.2,9929.57142857143,2906.525122154337,74.66071587621988,4.034894511827377,7.442857142857143,1.3192638640003533
2347167796,2016-04-07,10320,86.9734328358209,1.17,10438.142857142857,2548.956219616926,76.98378383259016,5.71425166579324,6.378571428571429,2.597334714480908
2347167796,2016-04-08,10209,75.92332093633779,6.33,10706.857142857143,2383.184803896628,77.93934675576232,4.665398486756787,6.392857142857143,2.596656274812631
2347167796,2016-04-09,16081,86.63271344040575,0.3,10795.714285714286,2592.31876346806,78.63322438545265,5.598860157368707,5.442857142857143,3.4387677748757346
2347167796,2016-04-10,10078,80.26861063464837,10.02,11166.142857142857,2195.2396549937653,79.34955608824013,5.412158758012915,5.4957142857142856,3.5161857039641555
2347167796,2016-04-11,10001,72.79177468772095,5.88,11130.0,2214.756269509883,78.96760287870434,5.81156535767698,5.211428571428571,3.369621287184603
4020332650,2016-04-01,5351,78.86679333528208,7.15,,,,,,
4020332650,2016-04-02,4299,72.5046186895811,8.32,,,,,,
4020332650,2016-04-03,6107,79.61545776778767,6.45,,,,,,
4020332650,2016-04-04,6429,79.418065626966,7.72,,,,,,
4020332650,2016-04-06,7476,82.46707740824014,4.08,,,,,,
4020332650,2016-04-10,5129,89.34215773911848,1.23,,,,,,
4020332650,2016-04-11,2993,73.8796904315197,7.1,5397.714285714285,1469.1336125174494,79.44198014264217,5.576622139533687,6.007142857142857,2.5004913802805127
4558609924,2016-04-02,3183,75.78989503647038,1.43,,,,,,
4558609924,2016-04-03,6176,76.90659500290529,4.57,,,,,,
5553957443,2016-04-01,12409,77.5375141126963,5.62,,,,,,
5553957443,2016-04-02,2937,64.29336609336609,13.18,,,,,,
5553957443,2016-04-03,1515,62.16129785247432,12.37,,,,,,
5553957443,2016-04-04,8921,71.36065217391304,6.88,,,,,,
5553957443,2016-04-05,11306,71.23927083333334,5.67,,,,,,
5553957443,2016-04-06,12252,66.29759194920331,6.42,,,,,,
5553957443,2016-04-07,15444,72.8002828854314,5.63,9254.857142857143,5186.140614772267,69.38428227148826,5.371341527067623,7.967142857142856,3.326227664515837
5553957443,2016-04-08,9938,70.00785283993115,6.32,8901.857142857143,5017.006591869014,68.30861637537895,4.0604209502500614,8.067142857142857,3.253632402334937
5553957443,2016-04-09,4599,68.3605817452357,10.32,9139.285714285714,4718.096074840842,68.88964718278889,3.6614978205128397,7.658571428571428,2.6230480270824166
5553957443,2016-04-10,5594,63.71069587628866,10.48,9722.0,3777.675872808571,69.11098975761952,3.205393941313325,7.388571428571429,2.102969555742774
5553957443,2016-04-11,11906,71.00272835112693,7.13,10148.42857142857,3840.147039595526,69.05985778293578,3.1661410392117566,7.424285714285715,2.0950008523694157
5553957443,2016-04-12,3436,63.05161023947151,5.77,9024.142857142857,4534.110953964088,67.89019198381267,3.6950206406486674,7.438571428571429,2.081341142720472
5577150313,2016-04-01,10461,64.85091640590076,7.25,,,,,,
5577150313,2016-04-02,14873,68.62467517794599,5.92,,,,,,
5577150313,2016-04-03,9917,63.05712545676005,6.48,,,,,,
5577150313,2016-04-04,7401,65.1407694942345,7.25,,,,,,
5577150313,2016-04-05,8964,65.38195777351248,6.5,,,,,,
5577150313,2016-04-06,11080,70.70434952978056,6.55,,,,,,
5577150313,2016-04-07,4499,60.57819849482596,7.57,9599.285714285714,3217.0647446746502,65.47685604756576,3.3566142570561994,6.788571428571429,0.5811319004445428
5577150313,2016-04-08,4363,56.75114387391967,7.52,8728.142857142857,3729.6322619695115,64.31974568585417,4.725376129686807,6.827142857142857,0.6242252340759248
5577150313,2016-04-09,10494,66.61235512546416,8.32,8102.571428571428,2771.297701868379,64.0322713926425,4.474375696265481,7.17,0.697710541700497
5577150313,2016-04-10,9776,62.602768166089966,6.87,8082.428571428572,2756.384035721612,63.96736320826104,4.494131462245058,7.225714285714285,0.6471696620118812
5577150313,2016-04-11,2862,64.7615807380267,5.2,7434.0,3401.74538533775,63.91319338594565,4.479893305736991,6.932857142857143,1.0012944003590933
6117666160,2016-04-01,7444,78.7114721264048,9.3,,,,,,
6117666160,2016-04-02,19658,77.41143535799118,7.57,,,,,,
6117666160,2016-04-05,9910,85.91385542168675,1.02,,,,,,
6117666160,2016-04-06,12409,84.81655387818844,8.72,,,,,,
6117666160,2016-04-07,4853,78.6332321970373,8.32,,,,,,
6117666160,2016-04-09,10789,87.20819217739452,7.25,,,,,,
6775888955,2016-04-01,7225,103.7554245914814,0.17,,,,,,
6775888955,2016-04-02,1988,87.10401647785788,7.15,,,,,,
6775888955,2016-04-06,11761,97.38444084278768,7.35,,,,,,
6775888955,2016-04-07,13987,94.90609264853978,4.58,,,,,,
6962181067,2016-03-30,15491,74.98343143666885,6.97,,,,,,
6962181067,2016-03-31,14097,80.81915912719532,8.48,,,,,,
6962181067,2016-04-01,10467,75.6297581607201,8.78,,,,,,
6962181067,2016-04-02,12437,79.89123207978392,6.65,,,,,,
6962181067,2016-04-03,12307,75.52896694718868,8.95,,,,,,
6962181067,2016-04-04,18952,78.90618181818182,6.05,,,,,,
6962181067,2016-04-05,12010,81.97455573505654,5.97,13680.142857142857,2822.234364740783,78.24761218639932,2.8442113669928886,7.407142857142857,1.296645856118962
6962181067,2016-04-06,12480,79.87116983711128,7.9,13250.0,2728.125730240452,78.94586052931967,2.4868131561071887,7.54,1.2920268315067351
6962181067,2016-04-07,13417,84.83425935632665,7.05,13152.857142857143,2704.9474072873345,79.51944627633843,3.315781126802047,7.3357142857142845,1.2302012998266738
6962181067,2016-04-08,14400,79.14661735914727,6.7,13714.714285714286,2450.584808726665,80.0218547332566,2.863821888280628,7.038571428571429,1.0630526573885943
6962181067,2016-04-09,12495,87.77695880452343,7.23,13723.0,2445.6377491362045,81.1483871225051,4.091656248944706,7.121428571428572,1.050244869406314
6962181067,2016-04-10,10148,83.40446515660561,6.9,13414.57142857143,2768.7703562618344,82.27345829527894,3.293969594570275,6.828571428571428,0.6736821350218657
6962181067,2016-04-11,12362,81.04557845382183,6.55,12473.142857142857,1306.2231086318327,82.57908638608465,3.0170817153429144,6.9,0.599833310178753
6962181067,2016-04-12,5893,88.03925157616433,6.1,11599.285714285714,2827.7113074172257,83.44547150624292,3.6242304199706483,6.918571428571428,0.5673749075472811
7007744171,2016-04-02,10976,85.87260181756984,0.93,,,,,,
7007744171,2016-04-03,16806,92.20547709266276,1.17,,,,,,
7007744171,2016-04-05,12084,86.2032189600283,1.1,,,,,,
7007744171,2016-04-07,14100,87.80764867930644,1.05,,,,,,
8792009665,2016-04-01,4592,74.57181409295352,8.0,,,,,,
8792009665,2016-04-03,7238,78.61813333333333,7.98,,,,,,
8792009665,2016-04-04,3821,72.20423583285633,9.43,,,,,,
8792009665,2016-04-05,2332,70.7195910212716,6.4,,,,,,
8792009665,2016-04-06,2121,77.18566852532922,7.12,,,,,,
8792009665,2016-04-07,1291,77.59046283309958,7.43,,,,,,
8792009665,2016-04-08,1467,77.3088700282909,7.07,3266.0,2127.7332226260573,75.45696795244778,3.021291603633264,7.632857142857143,0.9683269813741341
8792009665,2016-04-09,1022,73.24736569355674,10.02,2756.0,2184.034950880289,75.26776103824825,3.1256324084884954,7.921428571428572,1.3295792388500025
